ID,TIME,DV,EVID,AMT,CMT,RATE,MDV
1,0,.,1,100,1,0,1
1,0.5,0.71829,0,0,2,0,0
1,1,1.0226,0,0,2,0,0
1,2,1.1534,0,0,2,0,0
1,4,1.0018,0,0,2,0,0
1,8,0.67398,0,0,2,0,0
1,12,0.45179,0,0,2,0,0
1,18,0.24795,0,0,2,0,0
1,24,0.13608,0,0,2,0,0
