ID,TIME,DV,EVID,AMT,CMT,RATE,MDV,II,SS
1,0,.,1,100,1,0,1,24,1
1,0.5,0.59069,0,.,1,0,0,.,.
1,1.0,0.56188,0,.,1,0,0,.,.
1,2.0,3.07370,0,.,1,0,0,.,.
1,4.0,4.46240,0,.,1,0,0,.,.
1,8.0,3.07540,0,.,1,0,0,.,.
1,12.0,2.06170,0,.,1,0,0,.,.
1,18.0,1.13150,0,.,1,0,0,.,.
1,23.0,0.68628,0,.,1,0,0,.,.
1,25.0,0.56188,0,.,1,0,0,.,.
1,30.0,0.34080,0,.,1,0,0,.,.
